political_leaning,score,score,score
,mean,sum,max
Democratic,138.6761895845666,85424.53278409303,29182.0
Neutral,48.25462597449072,153594.47447680397,10657.0
Republican,48.291031604577384,10527.44488979787,3343.0
